{
  "document_type": {
    "precision": 0.38,
    "recall": 0.8941176470588236,
    "f1-score": 0.5333333333333333,
    "support": 85,
    "confused_with": {}
  },
  "micro avg": {
    "precision": 0.38,
    "recall": 0.8941176470588236,
    "f1-score": 0.5333333333333333,
    "support": 85
  },
  "macro avg": {
    "precision": 0.38,
    "recall": 0.8941176470588236,
    "f1-score": 0.5333333333333333,
    "support": 85
  },
  "weighted avg": {
    "precision": 0.37999999999999995,
    "recall": 0.8941176470588236,
    "f1-score": 0.5333333333333333,
    "support": 85
  },
  "accuracy": 0.9820488594952085
}